,Year,Population
0,1800.0,982454635.0
1,1801.0,985895135.0
2,1802.0,989555435.0
3,1803.0,992954135.0
4,1804.0,995485735.0
5,1805.0,1000098535.0
6,1806.0,1002985635.0
7,1807.0,1007647635.0
8,1808.0,1011349035.0
9,1809.0,1013996535.0
10,1810.0,1020428535.0
11,1811.0,1024690635.0
12,1812.0,1032479635.0
13,1813.0,1038506445.0
14,1814.0,1045522455.0
15,1815.0,1052625565.0
16,1816.0,1060852885.0
17,1817.0,1067176695.0
18,1818.0,1075852815.0
19,1819.0,1082323015.0
20,1820.0,1089784815.0
21,1821.0,1097405035.0
22,1822.0,1104062675.0
23,1823.0,1111761285.0
24,1824.0,1118318285.0
25,1825.0,1126091105.0
26,1826.0,1134135735.0
27,1827.0,1141374215.0
28,1828.0,1149383055.0
29,1829.0,1157678915.0
30,1830.0,1163689875.0
31,1831.0,1169945655.0
32,1832.0,1176106245.0
33,1833.0,1181289835.0
34,1834.0,1186789535.0
35,1835.0,1192040555.0
36,1836.0,1198639055.0
37,1837.0,1204064085.0
38,1838.0,1209715315.0
39,1839.0,1216083155.0
40,1840.0,1221843425.0
41,1841.0,1226257165.0
42,1842.0,1231749195.0
43,1843.0,1237140045.0
44,1844.0,1242949285.0
45,1845.0,1248577725.0
46,1846.0,1254235165.0
47,1847.0,1260198815.0
48,1848.0,1266075555.0
49,1849.0,1271142195.0
50,1850.0,1276046045.0
51,1851.0,1279357795.0
52,1852.0,1281662065.0
53,1853.0,1283220025.0
54,1854.0,1285773175.0
55,1855.0,1287281736.0
56,1856.0,1289920906.0
57,1857.0,1290432686.0
58,1858.0,1293438056.0
59,1859.0,1296284036.0
60,1860.0,1299018226.0
61,1861.0,1303082616.0
62,1862.0,1306166706.0
63,1863.0,1311161006.0
64,1864.0,1315287216.0
65,1865.0,1319528347.0
66,1866.0,1323993977.0
67,1867.0,1328313397.0
68,1868.0,1332825257.0
69,1869.0,1338391307.0
70,1870.0,1344210167.0
71,1871.0,1350750677.0
72,1872.0,1357830777.0
73,1873.0,1365767057.0
74,1874.0,1373780488.0
75,1875.0,1381056198.0
76,1876.0,1389073038.0
77,1877.0,1396663798.0
78,1878.0,1404874458.0
79,1879.0,1413434018.0
80,1880.0,1422199198.0
81,1881.0,1432346308.0
82,1882.0,1442152898.0
83,1883.0,1452427128.0
84,1884.0,1463941289.0
85,1885.0,1475351279.0
86,1886.0,1486235099.0
87,1887.0,1497065789.0
88,1888.0,1509909009.0
89,1889.0,1520943229.0
90,1890.0,1532688039.0
91,1891.0,1542832649.0
92,1892.0,1553394169.0
93,1893.0,1564222880.0
94,1894.0,1574295200.0
95,1895.0,1585327030.0
96,1896.0,1596470010.0
97,1897.0,1606723770.0
98,1898.0,1617966830.0
99,1899.0,1630090380.0
100,1900.0,1642992800.0
101,1901.0,1655520970.0
102,1902.0,1669330760.0
103,1903.0,1683492051.0
104,1904.0,1698554421.0
105,1905.0,1713237301.0
106,1906.0,1728032291.0
107,1907.0,1743965171.0
108,1908.0,1758895651.0
109,1909.0,1773336351.0
110,1910.0,1787726151.0
111,1911.0,1800909171.0
112,1912.0,1813910712.0
113,1913.0,1826890052.0
114,1914.0,1839320992.0
115,1915.0,1852199732.0
116,1916.0,1865140992.0
117,1917.0,1877926342.0
118,1918.0,1890990002.0
119,1919.0,1904426832.0
120,1920.0,1919525142.0
121,1921.0,1935384022.0
122,1922.0,1952001682.0
123,1923.0,1968239712.0
124,1924.0,1986327262.0
125,1925.0,2004139402.0
126,1926.0,2020402152.0
127,1927.0,2038552222.0
128,1928.0,2057340782.0
129,1929.0,2076993672.0
130,1930.0,2096064642.0
131,1931.0,2116313942.0
132,1932.0,2138096032.0
133,1933.0,2159316452.0
134,1934.0,2181593452.0
135,1935.0,2203885862.0
136,1936.0,2226200162.0
137,1937.0,2249858682.0
138,1938.0,2273022482.0
139,1939.0,2295228512.0
140,1940.0,2316973552.0
141,1941.0,2336632782.0
142,1942.0,2356074932.0
143,1943.0,2373953392.0
144,1944.0,2390921142.0
145,1945.0,2408886012.0
146,1946.0,2427444062.0
147,1947.0,2446128932.0
148,1948.0,2466556182.0
149,1949.0,2491236432.0
150,1950.0,2522343946.0
151,1951.0,2569486613.0
152,1952.0,2616809393.0
153,1953.0,2663255370.0
154,1954.0,2710856129.0
155,1955.0,2757172840.0
156,1956.0,2805987709.0
157,1957.0,2857276958.0
158,1958.0,2908369185.0
159,1959.0,2962017965.0
160,1960.0,3017276774.0
161,1961.0,3073440364.0
162,1962.0,3130910381.0
163,1963.0,3190825608.0
164,1964.0,3252639617.0
165,1965.0,3318492403.0
166,1966.0,3385911224.0
167,1967.0,3456799196.0
168,1968.0,3529199851.0
169,1969.0,3601613590.0
170,1970.0,3677446839.0
171,1971.0,3751183685.0
172,1972.0,3826471251.0
173,1973.0,3901658835.0
174,1974.0,3977812368.0
175,1975.0,4053237964.0
176,1976.0,4129346330.0
177,1977.0,4201068580.0
178,1978.0,4275900255.0
179,1979.0,4351948612.0
180,1980.0,4428609805.0
181,1981.0,4504253923.0
182,1982.0,4588810395.0
183,1983.0,4665445330.0
184,1984.0,4754791073.0
185,1985.0,4843703950.0
186,1986.0,4934560167.0
187,1987.0,5024785501.0
188,1988.0,5114914454.0
189,1989.0,5206844129.0
190,1990.0,5297255282.0
191,1991.0,5379633142.0
192,1992.0,5467280983.0
193,1993.0,5548818970.0
194,1994.0,5627986437.0
195,1995.0,5707765078.0
196,1996.0,5788549404.0
197,1997.0,5866329617.0
198,1998.0,5947396716.0
199,1999.0,6028542328.0
200,2000.0,6110561780.0
201,2001.0,6190918572.0
202,2002.0,6264687082.0
203,2003.0,6347536202.0
204,2004.0,6420497975.0
205,2005.0,6504909448.0
206,2006.0,6591888425.0
207,2007.0,6667880744.0
208,2008.0,6745601272.0
209,2009.0,6835102837.0
210,2010.0,6915441183.0
211,2011.0,7005766886.0
212,2012.0,7085153386.0
213,2013.0,7168619686.0
214,2014.0,7261636185.0
215,2015.0,7342127890.0
216,2016.0,7417008591.0
217,2017.0,7510122898.0
218,2018.0,7590388110.0
219,2019.0,7674426515.0
220,2020.0,7756508609.0
